sample_id,treatment,day,od600
S04,Control,1,0.214
S01,Control,2,0.353
S08,Treated,1,0.394
S01,Control,3,0.637
S05,Control,2,0.418
S07,Treated,1,0.44
S06,Control,3,0.586
S07,Treated,3,2.185
S06,Control,1,
S09,Treated,3,2.206
S09,Treated,1,0.401
S02,Control,3,0.575
S12,Treated,3,2.224
S08,Treated,2,0.989
S10,Treated,1,
S12,Treated,2,0.971
S04,Control,3,0.638
S01,Control,1,0.249
S05,Control,1,0.242
S10,Treated,3,2.203
S06,Control,2,0.395
S08,Treated,2,0.989
S03,Control,1,0.244
S03,Control,2,0.375
S11,Treated,3,2.175
S04,Control,2,0.41
S11,Treated,1,0.478
S11,Treated,2,0.94
S03,Control,3,9.87
S12,Treated,1,0.39
S05,Control,3,0.628
S04,Control,2,0.41
S10,Treated,2,0.965
S08,Treated,3,2.185
S07,Treated,2,0.951
S02,Control,1,0.268
S09,Treated,2,0.942
S02,Control,2,
